Variables,importance,fold
0,60,1
1,338,1
2,613,1
3,674,1
4,691,1
5,475,1
6,802,1
7,736,1
8,539,1
9,645,1
10,322,1
11,91,1
12,210,1
13,753,1
14,895,1
15,928,1
16,184,1
17,174,1
18,126,1
19,112,1
20,438,1
21,889,1
22,622,1
23,1417,1
24,553,1
25,524,1
26,460,1
27,538,1
28,346,1
29,649,1
30,537,1
31,426,1
32,389,1
33,151,1
34,388,1
35,474,1
36,391,1
37,2,1
38,15,1
39,40,1
40,321,1
41,354,1
42,380,1
43,363,1
44,401,1
45,328,1
46,255,1
47,269,1
48,359,1
49,322,1
50,361,1
51,265,1
52,347,1
53,243,1
54,32,1
55,41,1
56,21,1
57,216,1
58,207,1
59,156,1
60,342,1
61,309,1
62,354,1
63,397,1
64,430,1
65,340,1
66,372,1
67,340,1
68,352,1
69,333,1
70,422,1
71,428,1
72,17,1
73,5,1
74,6,1
75,3,1
76,151,1
77,339,1
78,426,1
79,379,1
80,0,1
81,24,1
82,26,1
83,316,1
84,351,1
85,342,1
86,312,1
87,366,1
88,310,1
89,266,1
90,273,1
91,320,1
92,395,1
93,280,1
94,258,1
95,307,1
96,246,1
97,26,1
98,37,1
99,25,1
100,257,1
101,184,1
102,127,1
103,327,1
104,282,1
105,399,1
106,359,1
107,364,1
108,353,1
109,317,1
110,350,1
111,337,1
112,382,1
113,440,1
114,373,1
115,14,1
116,4,1
117,8,1
118,1,1
119,169,1
120,379,1
121,392,1
122,352,1
123,7,1
124,27,1
125,23,1
126,453,1
127,395,1
128,353,1
129,5,1
130,9,1
131,1,1
132,237,1
133,223,1
134,348,1
135,334,1
136,368,1
137,371,1
138,327,1
139,349,1
140,41,1
141,43,1
142,31,1
143,172,1
144,194,1
145,139,1
146,4,1
147,9,1
148,6,1
149,4,1
150,5,1
151,2,1
152,348,1
153,540,1
154,337,1
155,411,1
156,444,1
157,520,1
158,14,1
159,7,1
160,12,1
161,6,1
162,70,1
163,29,1
164,8,1
165,44,1
166,44,1
167,18,1
168,3,1
169,7,1
170,505,1
171,197,1
172,349,1
173,430,1
174,407,1
175,233,1
176,1,1
177,119,1
178,171,1
179,184,1
180,210,1
181,148,1
182,460,1
183,411,1
184,71,1
185,190,1
186,397,1
187,366,1
188,236,1
189,115,1
190,25,1
191,381,1
192,17,1
193,28,1
194,309,1
195,145,1
196,340,1
197,192,1
198,7,1
199,136,1
200,167,1
201,155,1
202,265,1
203,195,1
204,448,1
205,412,1
206,198,1
207,381,1
208,524,1
209,504,1
210,153,1
211,79,1
212,20,1
213,303,1
214,14,1
215,14,1
216,329,1
217,200,1
218,238,1
219,102,1
220,226,1
221,196,1
222,163,1
223,216,1
224,226,1
225,219,1
226,187,1
227,191,1
228,183,1
229,186,1
230,217,1
231,257,1
232,187,1
233,203,1
234,216,1
235,146,1
236,188,1
237,240,1
238,210,1
239,174,1
240,139,1
241,86,1
242,48,1
243,76,1
244,89,1
245,51,1
246,99,1
247,42,1
248,9,1
249,12,1
250,45,1
251,228,1
252,212,1
253,132,1
254,139,1
255,147,1
256,147,1
257,130,1
258,138,1
259,165,1
260,183,1
261,206,1
262,227,1
263,216,1
264,222,1
265,67,1
266,98,1
267,107,1
268,119,1
269,145,1
270,98,1
271,35,1
272,20,1
273,23,1
274,10,1
275,7,1
276,9,1
277,12,1
278,3,1
279,2,1
280,331,1
281,39,1
282,191,1
283,343,1
284,322,1
285,345,1
286,480,1
287,412,1
288,347,1
289,340,1
290,299,1
291,311,1
292,410,1
293,392,1
294,348,1
295,391,1
296,340,1
297,327,1
298,237,1
299,338,1
300,367,1
301,410,1
302,412,1
303,386,1
304,407,1
305,373,1
306,421,1
307,349,1
308,400,1
309,1,1
310,1,1
311,0,1
312,357,1
313,301,1
314,237,1
315,218,1
316,393,1
317,317,1
318,277,1
319,466,1
320,385,1
321,382,1
322,324,1
323,305,1
324,336,1
325,379,1
326,380,1
327,287,1
328,390,1
329,315,1
330,313,1
331,230,1
332,356,1
333,358,1
334,398,1
335,412,1
336,391,1
337,359,1
338,308,1
339,421,1
340,341,1
341,432,1
342,1,1
343,1,1
344,1,1
345,376,1
346,249,1
347,221,1
348,166,1
349,348,1
350,307,1
351,317,1
352,356,1
353,310,1
354,331,1
355,322,1
356,247,1
357,282,1
358,140,1
359,129,1
360,141,1
361,328,1
362,309,1
363,247,1
364,135,1
365,152,1
366,144,1
367,405,1
368,407,1
369,361,1
370,260,1
371,251,1
372,309,1
373,219,1
374,341,1
375,9,1
376,11,1
377,7,1
378,130,1
379,147,1
380,106,1
381,404,1
382,428,1
383,354,1
384,148,1
385,409,1
386,394,1
387,442,1
388,389,1
389,375,1
390,412,1
391,438,1
392,386,1
393,406,1
394,473,1
395,430,1
396,485,1
397,333,1
398,131,1
399,273,1
400,416,1
401,400,1
402,109,1
403,452,1
404,433,1
405,521,1
406,355,1
407,197,1
408,432,1
409,227,1
410,37,1
411,24,1
412,281,1
413,132,1
414,454,1
415,404,1
416,460,1
417,457,1
418,418,1
419,390,1
420,363,1
421,439,1
422,419,1
423,388,1
424,407,1
425,390,1
426,315,1
427,109,1
428,225,1
429,266,1
430,262,1
431,76,1
432,447,1
433,473,1
434,448,1
435,294,1
436,146,1
437,297,1
438,137,1
439,12,1
440,9,1
441,41,1
442,33,1
443,151,1
444,180,1
445,0,1
446,46,1
447,42,1
448,31,1
449,22,1
450,6,1
451,20,1
452,0,1
453,2,1
454,19,1
455,25,1
456,24,1
457,9,1
458,0,1
459,27,1
460,0,1
461,31,1
462,64,1
463,0,1
464,0,1
465,85,1
466,0,1
467,98,1
468,17,1
469,37,1
470,109,1
471,47,1
472,138,1
473,34,1
474,36,1
475,0,1
476,8,1
477,3,1
478,31,1
479,25,1
480,36,1
481,13,1
482,15,1
483,0,1
484,0,1
485,26,1
486,34,1
487,113,1
488,73,1
489,7,1
490,7,1
491,18,1
492,29,1
493,16,1
494,17,1
495,39,1
496,24,1
497,58,1
498,57,1
499,35,1
500,70,1
501,22,1
502,34,1
503,22,1
504,8,1
505,17,1
506,39,1
507,30,1
508,13,1
509,13,1
510,9,1
511,11,1
512,10,1
513,10,1
514,64,1
515,51,1
516,57,1
517,53,1
518,41,1
519,26,1
520,0,1
521,4,1
522,31,1
523,8,1
524,20,1
525,65,1
526,0,1
527,74,1
528,0,1
529,3,1
530,0,1
531,23,1
532,8,1
533,4,1
534,6,1
535,0,1
536,2,1
537,0,1
538,0,1
539,6,1
540,16,1
541,4,1
542,4,1
543,0,1
544,0,1
545,0,1
546,53,1
547,0,1
548,38,1
549,0,1
550,35,1
551,59,1
552,0,1
553,16,1
554,38,1
555,3,1
556,0,1
557,0,1
558,5,1
559,55,1
560,11,1
561,23,1
562,114,1
563,7,1
564,8,1
565,0,1
566,16,1
567,15,1
568,0,1
569,0,1
570,4,1
571,13,1
572,0,1
573,7,1
574,72,1
575,21,1
576,3,1
577,31,1
578,0,1
579,0,1
580,73,1
581,73,1
582,0,1
583,0,1
584,3,1
585,3,1
586,23,1
587,29,1
588,0,1
589,0,1
590,17,1
591,17,1
592,1,1
593,0,1
594,0,1
595,0,1
596,6,1
597,7,1
598,0,1
599,0,1
600,14,1
601,16,1
602,4,1
603,5,1
604,0,1
605,0,1
606,36,1
607,32,1
608,0,1
609,0,1
610,44,1
611,40,1
612,0,1
613,0,1
614,0,1
615,0,1
616,0,1
617,0,1
618,31,1
619,39,1
620,5,1
621,1,1
622,9,1
623,4,1
624,27,1
625,7,1
626,16,1
627,3,1
628,6,1
629,24,1
630,27,1
631,0,1
632,3,1
633,1,1
634,0,1
635,0,1
636,0,1
637,0,1
638,3,1
639,0,1
640,2,1
641,2,1
642,0,1
643,0,1
644,4,1
645,14,1
646,16,1
647,0,1
648,16,1
649,4,1
650,0,1
651,18,1
652,50,1
653,0,1
0,73,2
1,325,2
2,567,2
3,646,2
4,658,2
5,468,2
6,777,2
7,664,2
8,570,2
9,603,2
10,323,2
11,79,2
12,205,2
13,752,2
14,897,2
15,914,2
16,167,2
17,156,2
18,151,2
19,111,2
20,454,2
21,910,2
22,579,2
23,1363,2
24,551,2
25,535,2
26,510,2
27,524,2
28,415,2
29,663,2
30,579,2
31,413,2
32,386,2
33,139,2
34,394,2
35,484,2
36,422,2
37,2,2
38,18,2
39,25,2
40,314,2
41,352,2
42,397,2
43,369,2
44,413,2
45,342,2
46,252,2
47,269,2
48,337,2
49,316,2
50,337,2
51,284,2
52,358,2
53,254,2
54,16,2
55,51,2
56,24,2
57,197,2
58,216,2
59,151,2
60,334,2
61,318,2
62,396,2
63,376,2
64,385,2
65,360,2
66,329,2
67,354,2
68,335,2
69,402,2
70,419,2
71,484,2
72,18,2
73,5,2
74,3,2
75,2,2
76,128,2
77,356,2
78,400,2
79,370,2
80,0,2
81,15,2
82,24,2
83,347,2
84,363,2
85,356,2
86,343,2
87,381,2
88,309,2
89,266,2
90,241,2
91,316,2
92,362,2
93,294,2
94,269,2
95,330,2
96,262,2
97,21,2
98,46,2
99,27,2
100,214,2
101,211,2
102,107,2
103,332,2
104,314,2
105,402,2
106,355,2
107,333,2
108,362,2
109,323,2
110,356,2
111,334,2
112,403,2
113,433,2
114,352,2
115,12,2
116,2,2
117,3,2
118,3,2
119,180,2
120,415,2
121,411,2
122,360,2
123,15,2
124,17,2
125,23,2
126,478,2
127,339,2
128,359,2
129,6,2
130,9,2
131,3,2
132,227,2
133,219,2
134,349,2
135,370,2
136,363,2
137,363,2
138,337,2
139,361,2
140,43,2
141,44,2
142,38,2
143,203,2
144,207,2
145,145,2
146,5,2
147,6,2
148,7,2
149,5,2
150,10,2
151,4,2
152,343,2
153,538,2
154,374,2
155,384,2
156,437,2
157,475,2
158,17,2
159,3,2
160,7,2
161,4,2
162,81,2
163,29,2
164,6,2
165,38,2
166,39,2
167,10,2
168,3,2
169,5,2
170,474,2
171,185,2
172,374,2
173,420,2
174,455,2
175,257,2
176,0,2
177,166,2
178,175,2
179,163,2
180,201,2
181,167,2
182,451,2
183,407,2
184,70,2
185,182,2
186,372,2
187,388,2
188,226,2
189,105,2
190,15,2
191,429,2
192,31,2
193,25,2
194,296,2
195,150,2
196,368,2
197,205,2
198,12,2
199,156,2
200,165,2
201,131,2
202,282,2
203,184,2
204,428,2
205,376,2
206,206,2
207,363,2
208,515,2
209,522,2
210,138,2
211,79,2
212,19,2
213,291,2
214,21,2
215,7,2
216,312,2
217,201,2
218,230,2
219,85,2
220,215,2
221,204,2
222,162,2
223,220,2
224,235,2
225,195,2
226,182,2
227,190,2
228,218,2
229,180,2
230,222,2
231,234,2
232,230,2
233,181,2
234,229,2
235,158,2
236,214,2
237,244,2
238,219,2
239,192,2
240,147,2
241,100,2
242,36,2
243,77,2
244,92,2
245,37,2
246,115,2
247,46,2
248,11,2
249,12,2
250,42,2
251,234,2
252,197,2
253,109,2
254,136,2
255,163,2
256,141,2
257,137,2
258,131,2
259,186,2
260,187,2
261,221,2
262,220,2
263,210,2
264,233,2
265,77,2
266,87,2
267,110,2
268,130,2
269,127,2
270,80,2
271,25,2
272,15,2
273,21,2
274,17,2
275,11,2
276,8,2
277,6,2
278,0,2
279,2,2
280,343,2
281,35,2
282,220,2
283,392,2
284,323,2
285,341,2
286,469,2
287,387,2
288,337,2
289,323,2
290,284,2
291,331,2
292,469,2
293,391,2
294,341,2
295,353,2
296,303,2
297,313,2
298,293,2
299,359,2
300,392,2
301,431,2
302,413,2
303,367,2
304,412,2
305,382,2
306,436,2
307,348,2
308,440,2
309,0,2
310,0,2
311,0,2
312,329,2
313,300,2
314,257,2
315,179,2
316,364,2
317,320,2
318,249,2
319,466,2
320,379,2
321,347,2
322,304,2
323,328,2
324,249,2
325,357,2
326,371,2
327,303,2
328,356,2
329,309,2
330,314,2
331,269,2
332,353,2
333,368,2
334,370,2
335,412,2
336,407,2
337,368,2
338,333,2
339,414,2
340,330,2
341,415,2
342,0,2
343,1,2
344,2,2
345,356,2
346,286,2
347,205,2
348,138,2
349,323,2
350,325,2
351,248,2
352,360,2
353,352,2
354,323,2
355,326,2
356,224,2
357,278,2
358,139,2
359,123,2
360,130,2
361,349,2
362,274,2
363,255,2
364,130,2
365,161,2
366,170,2
367,397,2
368,364,2
369,359,2
370,250,2
371,252,2
372,322,2
373,234,2
374,378,2
375,14,2
376,7,2
377,3,2
378,131,2
379,123,2
380,91,2
381,430,2
382,473,2
383,345,2
384,127,2
385,412,2
386,399,2
387,393,2
388,397,2
389,362,2
390,434,2
391,396,2
392,424,2
393,462,2
394,449,2
395,431,2
396,472,2
397,334,2
398,126,2
399,308,2
400,422,2
401,412,2
402,140,2
403,478,2
404,447,2
405,500,2
406,346,2
407,204,2
408,441,2
409,212,2
410,40,2
411,19,2
412,274,2
413,124,2
414,469,2
415,465,2
416,423,2
417,440,2
418,433,2
419,433,2
420,388,2
421,426,2
422,382,2
423,345,2
424,396,2
425,388,2
426,282,2
427,121,2
428,208,2
429,266,2
430,255,2
431,91,2
432,465,2
433,490,2
434,429,2
435,277,2
436,167,2
437,288,2
438,153,2
439,6,2
440,8,2
441,56,2
442,39,2
443,155,2
444,165,2
445,0,2
446,42,2
447,56,2
448,36,2
449,21,2
450,5,2
451,13,2
452,0,2
453,2,2
454,16,2
455,12,2
456,22,2
457,4,2
458,0,2
459,29,2
460,0,2
461,35,2
462,62,2
463,0,2
464,0,2
465,76,2
466,0,2
467,96,2
468,20,2
469,50,2
470,111,2
471,41,2
472,135,2
473,27,2
474,47,2
475,0,2
476,16,2
477,4,2
478,30,2
479,44,2
480,33,2
481,8,2
482,15,2
483,0,2
484,0,2
485,23,2
486,30,2
487,100,2
488,85,2
489,3,2
490,2,2
491,32,2
492,21,2
493,9,2
494,16,2
495,37,2
496,22,2
497,71,2
498,57,2
499,29,2
500,81,2
501,20,2
502,53,2
503,12,2
504,22,2
505,28,2
506,32,2
507,38,2
508,12,2
509,7,2
510,12,2
511,9,2
512,10,2
513,11,2
514,68,2
515,50,2
516,42,2
517,45,2
518,26,2
519,27,2
520,0,2
521,2,2
522,35,2
523,16,2
524,5,2
525,60,2
526,0,2
527,65,2
528,0,2
529,4,2
530,1,2
531,12,2
532,16,2
533,2,2
534,4,2
535,0,2
536,3,2
537,0,2
538,0,2
539,11,2
540,23,2
541,4,2
542,10,2
543,0,2
544,3,2
545,0,2
546,46,2
547,0,2
548,39,2
549,0,2
550,34,2
551,71,2
552,0,2
553,14,2
554,36,2
555,5,2
556,1,2
557,0,2
558,15,2
559,58,2
560,2,2
561,32,2
562,99,2
563,1,2
564,0,2
565,0,2
566,25,2
567,15,2
568,0,2
569,0,2
570,7,2
571,8,2
572,0,2
573,2,2
574,70,2
575,10,2
576,8,2
577,37,2
578,0,2
579,0,2
580,72,2
581,66,2
582,0,2
583,0,2
584,7,2
585,12,2
586,33,2
587,18,2
588,0,2
589,0,2
590,13,2
591,11,2
592,2,2
593,2,2
594,0,2
595,0,2
596,9,2
597,20,2
598,0,2
599,0,2
600,6,2
601,12,2
602,16,2
603,8,2
604,0,2
605,0,2
606,41,2
607,30,2
608,0,2
609,0,2
610,57,2
611,36,2
612,0,2
613,0,2
614,0,2
615,0,2
616,0,2
617,0,2
618,44,2
619,39,2
620,4,2
621,1,2
622,7,2
623,6,2
624,13,2
625,7,2
626,8,2
627,2,2
628,8,2
629,19,2
630,15,2
631,0,2
632,1,2
633,2,2
634,0,2
635,0,2
636,0,2
637,0,2
638,1,2
639,0,2
640,0,2
641,1,2
642,0,2
643,0,2
644,1,2
645,6,2
646,12,2
647,1,2
648,13,2
649,7,2
650,0,2
651,22,2
652,63,2
653,0,2
0,75,3
1,338,3
2,606,3
3,606,3
4,671,3
5,482,3
6,784,3
7,676,3
8,516,3
9,632,3
10,331,3
11,83,3
12,242,3
13,690,3
14,868,3
15,933,3
16,147,3
17,148,3
18,145,3
19,127,3
20,495,3
21,960,3
22,513,3
23,1388,3
24,528,3
25,542,3
26,397,3
27,483,3
28,434,3
29,593,3
30,549,3
31,413,3
32,391,3
33,137,3
34,392,3
35,432,3
36,415,3
37,4,3
38,29,3
39,21,3
40,362,3
41,345,3
42,340,3
43,355,3
44,390,3
45,329,3
46,216,3
47,266,3
48,333,3
49,334,3
50,338,3
51,296,3
52,302,3
53,252,3
54,28,3
55,37,3
56,33,3
57,215,3
58,209,3
59,129,3
60,290,3
61,313,3
62,370,3
63,368,3
64,349,3
65,393,3
66,400,3
67,357,3
68,422,3
69,394,3
70,424,3
71,413,3
72,24,3
73,4,3
74,6,3
75,4,3
76,172,3
77,377,3
78,426,3
79,392,3
80,0,3
81,27,3
82,30,3
83,346,3
84,358,3
85,360,3
86,305,3
87,453,3
88,352,3
89,244,3
90,251,3
91,376,3
92,343,3
93,331,3
94,299,3
95,286,3
96,312,3
97,28,3
98,48,3
99,16,3
100,221,3
101,185,3
102,115,3
103,365,3
104,330,3
105,349,3
106,350,3
107,372,3
108,350,3
109,362,3
110,387,3
111,352,3
112,401,3
113,381,3
114,413,3
115,10,3
116,6,3
117,4,3
118,0,3
119,177,3
120,343,3
121,355,3
122,346,3
123,6,3
124,31,3
125,29,3
126,467,3
127,388,3
128,340,3
129,7,3
130,11,3
131,9,3
132,212,3
133,207,3
134,396,3
135,348,3
136,407,3
137,336,3
138,352,3
139,366,3
140,32,3
141,42,3
142,39,3
143,222,3
144,186,3
145,138,3
146,12,3
147,7,3
148,6,3
149,5,3
150,8,3
151,9,3
152,319,3
153,458,3
154,324,3
155,348,3
156,432,3
157,475,3
158,22,3
159,11,3
160,10,3
161,6,3
162,86,3
163,38,3
164,1,3
165,32,3
166,32,3
167,8,3
168,2,3
169,3,3
170,516,3
171,176,3
172,400,3
173,424,3
174,438,3
175,235,3
176,2,3
177,146,3
178,221,3
179,169,3
180,186,3
181,170,3
182,412,3
183,394,3
184,84,3
185,178,3
186,419,3
187,344,3
188,233,3
189,105,3
190,25,3
191,377,3
192,21,3
193,24,3
194,320,3
195,178,3
196,363,3
197,198,3
198,10,3
199,141,3
200,166,3
201,137,3
202,282,3
203,225,3
204,403,3
205,468,3
206,175,3
207,358,3
208,559,3
209,504,3
210,132,3
211,77,3
212,19,3
213,287,3
214,21,3
215,11,3
216,324,3
217,214,3
218,244,3
219,99,3
220,197,3
221,217,3
222,152,3
223,227,3
224,229,3
225,192,3
226,194,3
227,160,3
228,195,3
229,180,3
230,188,3
231,238,3
232,236,3
233,200,3
234,214,3
235,134,3
236,194,3
237,247,3
238,231,3
239,215,3
240,186,3
241,78,3
242,55,3
243,86,3
244,90,3
245,68,3
246,110,3
247,49,3
248,9,3
249,7,3
250,40,3
251,215,3
252,203,3
253,118,3
254,143,3
255,145,3
256,164,3
257,114,3
258,124,3
259,186,3
260,174,3
261,218,3
262,201,3
263,233,3
264,182,3
265,99,3
266,109,3
267,128,3
268,143,3
269,102,3
270,91,3
271,22,3
272,19,3
273,20,3
274,13,3
275,8,3
276,9,3
277,11,3
278,1,3
279,1,3
280,375,3
281,33,3
282,215,3
283,358,3
284,325,3
285,362,3
286,432,3
287,376,3
288,331,3
289,381,3
290,269,3
291,372,3
292,373,3
293,399,3
294,333,3
295,394,3
296,301,3
297,318,3
298,247,3
299,347,3
300,352,3
301,360,3
302,415,3
303,384,3
304,391,3
305,400,3
306,386,3
307,383,3
308,456,3
309,0,3
310,2,3
311,0,3
312,405,3
313,308,3
314,254,3
315,164,3
316,377,3
317,323,3
318,337,3
319,387,3
320,390,3
321,361,3
322,345,3
323,296,3
324,286,3
325,358,3
326,332,3
327,308,3
328,358,3
329,276,3
330,310,3
331,250,3
332,346,3
333,370,3
334,442,3
335,368,3
336,356,3
337,431,3
338,304,3
339,396,3
340,399,3
341,451,3
342,0,3
343,1,3
344,0,3
345,361,3
346,285,3
347,232,3
348,159,3
349,305,3
350,259,3
351,273,3
352,381,3
353,314,3
354,341,3
355,317,3
356,239,3
357,293,3
358,171,3
359,157,3
360,134,3
361,295,3
362,273,3
363,314,3
364,144,3
365,193,3
366,150,3
367,393,3
368,406,3
369,366,3
370,243,3
371,251,3
372,347,3
373,182,3
374,349,3
375,6,3
376,6,3
377,7,3
378,127,3
379,151,3
380,94,3
381,416,3
382,514,3
383,350,3
384,177,3
385,443,3
386,386,3
387,394,3
388,388,3
389,338,3
390,457,3
391,442,3
392,391,3
393,418,3
394,421,3
395,395,3
396,449,3
397,381,3
398,131,3
399,304,3
400,361,3
401,386,3
402,109,3
403,483,3
404,397,3
405,532,3
406,396,3
407,194,3
408,364,3
409,218,3
410,29,3
411,18,3
412,289,3
413,106,3
414,423,3
415,421,3
416,392,3
417,460,3
418,398,3
419,421,3
420,417,3
421,436,3
422,459,3
423,441,3
424,425,3
425,396,3
426,277,3
427,119,3
428,207,3
429,314,3
430,278,3
431,116,3
432,498,3
433,464,3
434,463,3
435,286,3
436,150,3
437,258,3
438,148,3
439,11,3
440,11,3
441,39,3
442,49,3
443,141,3
444,154,3
445,0,3
446,45,3
447,42,3
448,32,3
449,33,3
450,5,3
451,13,3
452,0,3
453,1,3
454,30,3
455,17,3
456,16,3
457,13,3
458,0,3
459,33,3
460,0,3
461,37,3
462,80,3
463,0,3
464,0,3
465,83,3
466,0,3
467,105,3
468,18,3
469,40,3
470,100,3
471,50,3
472,151,3
473,34,3
474,41,3
475,0,3
476,18,3
477,4,3
478,33,3
479,36,3
480,30,3
481,25,3
482,14,3
483,0,3
484,0,3
485,34,3
486,36,3
487,80,3
488,99,3
489,8,3
490,7,3
491,28,3
492,22,3
493,15,3
494,20,3
495,50,3
496,22,3
497,61,3
498,61,3
499,20,3
500,71,3
501,18,3
502,54,3
503,22,3
504,33,3
505,21,3
506,43,3
507,33,3
508,9,3
509,4,3
510,15,3
511,14,3
512,12,3
513,6,3
514,62,3
515,50,3
516,56,3
517,43,3
518,29,3
519,30,3
520,0,3
521,4,3
522,27,3
523,9,3
524,12,3
525,64,3
526,0,3
527,67,3
528,0,3
529,4,3
530,3,3
531,6,3
532,10,3
533,5,3
534,8,3
535,0,3
536,2,3
537,0,3
538,0,3
539,4,3
540,11,3
541,4,3
542,10,3
543,0,3
544,2,3
545,0,3
546,44,3
547,1,3
548,29,3
549,0,3
550,29,3
551,55,3
552,0,3
553,16,3
554,42,3
555,0,3
556,3,3
557,0,3
558,8,3
559,52,3
560,6,3
561,35,3
562,107,3
563,0,3
564,1,3
565,0,3
566,17,3
567,20,3
568,0,3
569,0,3
570,10,3
571,16,3
572,0,3
573,4,3
574,64,3
575,8,3
576,2,3
577,25,3
578,0,3
579,0,3
580,62,3
581,66,3
582,0,3
583,0,3
584,3,3
585,7,3
586,23,3
587,28,3
588,0,3
589,0,3
590,10,3
591,17,3
592,1,3
593,1,3
594,0,3
595,0,3
596,21,3
597,9,3
598,0,3
599,0,3
600,14,3
601,7,3
602,5,3
603,11,3
604,0,3
605,0,3
606,36,3
607,28,3
608,0,3
609,0,3
610,52,3
611,48,3
612,0,3
613,0,3
614,0,3
615,0,3
616,0,3
617,0,3
618,39,3
619,35,3
620,7,3
621,0,3
622,6,3
623,9,3
624,18,3
625,6,3
626,6,3
627,4,3
628,4,3
629,34,3
630,12,3
631,0,3
632,5,3
633,1,3
634,0,3
635,0,3
636,0,3
637,0,3
638,0,3
639,0,3
640,0,3
641,3,3
642,0,3
643,1,3
644,1,3
645,4,3
646,10,3
647,1,3
648,9,3
649,36,3
650,0,3
651,29,3
652,17,3
653,0,3
0,76,4
1,310,4
2,618,4
3,687,4
4,699,4
5,518,4
6,795,4
7,639,4
8,501,4
9,609,4
10,286,4
11,90,4
12,233,4
13,725,4
14,910,4
15,1017,4
16,171,4
17,160,4
18,174,4
19,123,4
20,525,4
21,957,4
22,542,4
23,1361,4
24,529,4
25,548,4
26,485,4
27,518,4
28,427,4
29,647,4
30,525,4
31,430,4
32,426,4
33,130,4
34,351,4
35,447,4
36,405,4
37,1,4
38,31,4
39,30,4
40,405,4
41,356,4
42,397,4
43,339,4
44,406,4
45,321,4
46,290,4
47,254,4
48,347,4
49,330,4
50,336,4
51,292,4
52,324,4
53,308,4
54,28,4
55,37,4
56,26,4
57,241,4
58,187,4
59,127,4
60,316,4
61,329,4
62,345,4
63,321,4
64,376,4
65,371,4
66,382,4
67,362,4
68,386,4
69,378,4
70,422,4
71,426,4
72,19,4
73,6,4
74,3,4
75,3,4
76,135,4
77,334,4
78,482,4
79,365,4
80,3,4
81,17,4
82,21,4
83,348,4
84,359,4
85,359,4
86,340,4
87,359,4
88,320,4
89,217,4
90,266,4
91,349,4
92,347,4
93,315,4
94,288,4
95,309,4
96,250,4
97,28,4
98,25,4
99,31,4
100,233,4
101,194,4
102,122,4
103,289,4
104,284,4
105,356,4
106,375,4
107,361,4
108,394,4
109,414,4
110,348,4
111,307,4
112,400,4
113,426,4
114,345,4
115,21,4
116,4,4
117,8,4
118,1,4
119,182,4
120,386,4
121,419,4
122,388,4
123,6,4
124,34,4
125,32,4
126,420,4
127,375,4
128,396,4
129,3,4
130,10,4
131,8,4
132,198,4
133,199,4
134,352,4
135,353,4
136,417,4
137,316,4
138,379,4
139,371,4
140,35,4
141,52,4
142,33,4
143,188,4
144,199,4
145,129,4
146,5,4
147,9,4
148,5,4
149,2,4
150,5,4
151,4,4
152,281,4
153,451,4
154,317,4
155,441,4
156,443,4
157,503,4
158,16,4
159,8,4
160,4,4
161,9,4
162,68,4
163,43,4
164,8,4
165,38,4
166,41,4
167,22,4
168,7,4
169,7,4
170,469,4
171,170,4
172,392,4
173,362,4
174,446,4
175,246,4
176,0,4
177,151,4
178,188,4
179,168,4
180,209,4
181,196,4
182,347,4
183,403,4
184,66,4
185,182,4
186,396,4
187,371,4
188,197,4
189,117,4
190,46,4
191,408,4
192,28,4
193,25,4
194,304,4
195,186,4
196,369,4
197,170,4
198,7,4
199,170,4
200,171,4
201,130,4
202,294,4
203,200,4
204,401,4
205,432,4
206,182,4
207,364,4
208,573,4
209,458,4
210,122,4
211,57,4
212,21,4
213,302,4
214,18,4
215,8,4
216,359,4
217,243,4
218,253,4
219,84,4
220,206,4
221,207,4
222,157,4
223,233,4
224,186,4
225,201,4
226,174,4
227,198,4
228,182,4
229,181,4
230,192,4
231,270,4
232,196,4
233,179,4
234,204,4
235,149,4
236,227,4
237,247,4
238,213,4
239,214,4
240,141,4
241,70,4
242,47,4
243,62,4
244,90,4
245,69,4
246,97,4
247,50,4
248,4,4
249,7,4
250,47,4
251,194,4
252,185,4
253,106,4
254,140,4
255,149,4
256,122,4
257,133,4
258,141,4
259,208,4
260,178,4
261,217,4
262,241,4
263,155,4
264,213,4
265,91,4
266,100,4
267,124,4
268,139,4
269,117,4
270,88,4
271,36,4
272,22,4
273,20,4
274,7,4
275,6,4
276,7,4
277,9,4
278,3,4
279,2,4
280,353,4
281,55,4
282,187,4
283,333,4
284,331,4
285,361,4
286,447,4
287,394,4
288,362,4
289,400,4
290,268,4
291,307,4
292,338,4
293,357,4
294,324,4
295,373,4
296,337,4
297,318,4
298,256,4
299,419,4
300,365,4
301,471,4
302,344,4
303,392,4
304,366,4
305,354,4
306,444,4
307,361,4
308,452,4
309,0,4
310,1,4
311,2,4
312,365,4
313,277,4
314,256,4
315,211,4
316,351,4
317,310,4
318,312,4
319,436,4
320,346,4
321,358,4
322,331,4
323,326,4
324,295,4
325,364,4
326,348,4
327,344,4
328,364,4
329,294,4
330,241,4
331,240,4
332,345,4
333,344,4
334,387,4
335,359,4
336,404,4
337,397,4
338,384,4
339,444,4
340,397,4
341,424,4
342,0,4
343,0,4
344,0,4
345,380,4
346,257,4
347,249,4
348,150,4
349,359,4
350,257,4
351,318,4
352,382,4
353,335,4
354,281,4
355,293,4
356,243,4
357,290,4
358,160,4
359,125,4
360,133,4
361,349,4
362,287,4
363,289,4
364,142,4
365,143,4
366,134,4
367,395,4
368,341,4
369,380,4
370,226,4
371,238,4
372,293,4
373,226,4
374,354,4
375,8,4
376,9,4
377,8,4
378,131,4
379,146,4
380,95,4
381,432,4
382,490,4
383,395,4
384,158,4
385,428,4
386,408,4
387,386,4
388,389,4
389,350,4
390,421,4
391,413,4
392,431,4
393,500,4
394,403,4
395,426,4
396,475,4
397,397,4
398,133,4
399,321,4
400,383,4
401,394,4
402,129,4
403,457,4
404,399,4
405,525,4
406,395,4
407,256,4
408,401,4
409,196,4
410,48,4
411,28,4
412,292,4
413,110,4
414,475,4
415,498,4
416,397,4
417,456,4
418,377,4
419,385,4
420,353,4
421,429,4
422,416,4
423,366,4
424,383,4
425,397,4
426,240,4
427,108,4
428,229,4
429,292,4
430,316,4
431,109,4
432,436,4
433,442,4
434,459,4
435,256,4
436,162,4
437,308,4
438,124,4
439,13,4
440,10,4
441,38,4
442,38,4
443,168,4
444,146,4
445,0,4
446,50,4
447,42,4
448,23,4
449,27,4
450,13,4
451,14,4
452,0,4
453,2,4
454,29,4
455,21,4
456,18,4
457,7,4
458,0,4
459,23,4
460,0,4
461,39,4
462,60,4
463,0,4
464,0,4
465,76,4
466,0,4
467,103,4
468,26,4
469,54,4
470,106,4
471,43,4
472,141,4
473,31,4
474,38,4
475,0,4
476,13,4
477,1,4
478,23,4
479,38,4
480,43,4
481,11,4
482,13,4
483,0,4
484,0,4
485,39,4
486,31,4
487,87,4
488,94,4
489,3,4
490,0,4
491,43,4
492,16,4
493,17,4
494,14,4
495,46,4
496,19,4
497,54,4
498,65,4
499,23,4
500,69,4
501,21,4
502,47,4
503,18,4
504,18,4
505,20,4
506,44,4
507,22,4
508,5,4
509,8,4
510,13,4
511,15,4
512,10,4
513,7,4
514,56,4
515,53,4
516,57,4
517,60,4
518,41,4
519,32,4
520,1,4
521,4,4
522,28,4
523,5,4
524,16,4
525,66,4
526,0,4
527,62,4
528,0,4
529,1,4
530,0,4
531,11,4
532,10,4
533,7,4
534,0,4
535,0,4
536,6,4
537,0,4
538,0,4
539,11,4
540,9,4
541,3,4
542,6,4
543,0,4
544,2,4
545,0,4
546,45,4
547,0,4
548,46,4
549,0,4
550,25,4
551,59,4
552,0,4
553,15,4
554,39,4
555,3,4
556,15,4
557,0,4
558,16,4
559,46,4
560,11,4
561,43,4
562,112,4
563,6,4
564,1,4
565,0,4
566,15,4
567,16,4
568,0,4
569,0,4
570,5,4
571,12,4
572,0,4
573,5,4
574,71,4
575,19,4
576,2,4
577,33,4
578,0,4
579,0,4
580,76,4
581,82,4
582,0,4
583,0,4
584,4,4
585,5,4
586,34,4
587,26,4
588,0,4
589,0,4
590,18,4
591,16,4
592,2,4
593,1,4
594,0,4
595,0,4
596,8,4
597,11,4
598,0,4
599,0,4
600,25,4
601,9,4
602,8,4
603,6,4
604,0,4
605,0,4
606,34,4
607,34,4
608,0,4
609,0,4
610,43,4
611,34,4
612,0,4
613,0,4
614,0,4
615,0,4
616,0,4
617,0,4
618,40,4
619,30,4
620,3,4
621,3,4
622,7,4
623,10,4
624,19,4
625,7,4
626,9,4
627,2,4
628,3,4
629,23,4
630,16,4
631,0,4
632,4,4
633,3,4
634,0,4
635,0,4
636,0,4
637,0,4
638,0,4
639,0,4
640,2,4
641,0,4
642,0,4
643,0,4
644,1,4
645,2,4
646,14,4
647,1,4
648,16,4
649,5,4
650,0,4
651,19,4
652,23,4
653,0,4
0,57,5
1,358,5
2,590,5
3,654,5
4,670,5
5,481,5
6,812,5
7,711,5
8,529,5
9,549,5
10,307,5
11,83,5
12,263,5
13,732,5
14,870,5
15,981,5
16,194,5
17,149,5
18,183,5
19,112,5
20,509,5
21,933,5
22,580,5
23,1337,5
24,534,5
25,530,5
26,460,5
27,563,5
28,411,5
29,641,5
30,512,5
31,401,5
32,428,5
33,142,5
34,367,5
35,421,5
36,411,5
37,4,5
38,25,5
39,21,5
40,372,5
41,335,5
42,382,5
43,375,5
44,424,5
45,341,5
46,275,5
47,235,5
48,354,5
49,378,5
50,360,5
51,301,5
52,329,5
53,273,5
54,33,5
55,42,5
56,37,5
57,220,5
58,194,5
59,145,5
60,338,5
61,325,5
62,352,5
63,347,5
64,357,5
65,385,5
66,374,5
67,342,5
68,373,5
69,338,5
70,440,5
71,451,5
72,16,5
73,5,5
74,8,5
75,2,5
76,138,5
77,347,5
78,408,5
79,399,5
80,0,5
81,16,5
82,20,5
83,363,5
84,363,5
85,326,5
86,329,5
87,373,5
88,325,5
89,238,5
90,253,5
91,330,5
92,357,5
93,318,5
94,241,5
95,291,5
96,297,5
97,24,5
98,37,5
99,34,5
100,200,5
101,222,5
102,154,5
103,314,5
104,304,5
105,363,5
106,370,5
107,379,5
108,374,5
109,335,5
110,417,5
111,348,5
112,371,5
113,420,5
114,381,5
115,20,5
116,5,5
117,5,5
118,3,5
119,190,5
120,361,5
121,453,5
122,361,5
123,6,5
124,26,5
125,26,5
126,449,5
127,369,5
128,329,5
129,9,5
130,13,5
131,8,5
132,199,5
133,203,5
134,362,5
135,362,5
136,379,5
137,337,5
138,351,5
139,379,5
140,32,5
141,40,5
142,26,5
143,189,5
144,208,5
145,193,5
146,6,5
147,8,5
148,8,5
149,8,5
150,5,5
151,7,5
152,308,5
153,466,5
154,311,5
155,393,5
156,433,5
157,513,5
158,21,5
159,9,5
160,5,5
161,5,5
162,73,5
163,39,5
164,5,5
165,35,5
166,35,5
167,12,5
168,5,5
169,6,5
170,463,5
171,229,5
172,369,5
173,404,5
174,455,5
175,261,5
176,0,5
177,116,5
178,196,5
179,156,5
180,214,5
181,179,5
182,338,5
183,412,5
184,97,5
185,160,5
186,403,5
187,375,5
188,211,5
189,113,5
190,35,5
191,404,5
192,34,5
193,38,5
194,261,5
195,137,5
196,369,5
197,170,5
198,9,5
199,158,5
200,184,5
201,125,5
202,273,5
203,200,5
204,470,5
205,424,5
206,214,5
207,365,5
208,554,5
209,462,5
210,172,5
211,59,5
212,20,5
213,301,5
214,19,5
215,24,5
216,325,5
217,209,5
218,200,5
219,97,5
220,223,5
221,196,5
222,170,5
223,218,5
224,216,5
225,192,5
226,195,5
227,155,5
228,206,5
229,170,5
230,221,5
231,315,5
232,230,5
233,203,5
234,219,5
235,196,5
236,193,5
237,237,5
238,225,5
239,191,5
240,161,5
241,85,5
242,47,5
243,81,5
244,98,5
245,58,5
246,102,5
247,59,5
248,12,5
249,13,5
250,42,5
251,204,5
252,172,5
253,125,5
254,132,5
255,138,5
256,142,5
257,130,5
258,131,5
259,199,5
260,173,5
261,228,5
262,215,5
263,205,5
264,229,5
265,87,5
266,103,5
267,116,5
268,129,5
269,117,5
270,94,5
271,24,5
272,17,5
273,29,5
274,12,5
275,10,5
276,9,5
277,6,5
278,5,5
279,1,5
280,335,5
281,37,5
282,229,5
283,390,5
284,330,5
285,303,5
286,460,5
287,369,5
288,355,5
289,321,5
290,345,5
291,317,5
292,399,5
293,373,5
294,316,5
295,381,5
296,312,5
297,352,5
298,265,5
299,341,5
300,363,5
301,479,5
302,447,5
303,418,5
304,353,5
305,344,5
306,425,5
307,411,5
308,406,5
309,1,5
310,0,5
311,0,5
312,398,5
313,319,5
314,224,5
315,203,5
316,373,5
317,380,5
318,329,5
319,393,5
320,392,5
321,362,5
322,367,5
323,253,5
324,288,5
325,338,5
326,405,5
327,315,5
328,363,5
329,306,5
330,328,5
331,199,5
332,309,5
333,328,5
334,383,5
335,422,5
336,423,5
337,378,5
338,322,5
339,448,5
340,394,5
341,414,5
342,0,5
343,0,5
344,0,5
345,390,5
346,248,5
347,258,5
348,151,5
349,286,5
350,258,5
351,326,5
352,343,5
353,354,5
354,311,5
355,297,5
356,269,5
357,274,5
358,115,5
359,113,5
360,124,5
361,331,5
362,302,5
363,241,5
364,146,5
365,135,5
366,164,5
367,367,5
368,381,5
369,415,5
370,259,5
371,221,5
372,257,5
373,202,5
374,336,5
375,10,5
376,6,5
377,4,5
378,127,5
379,156,5
380,107,5
381,416,5
382,464,5
383,380,5
384,151,5
385,373,5
386,403,5
387,411,5
388,434,5
389,298,5
390,467,5
391,431,5
392,425,5
393,490,5
394,397,5
395,397,5
396,435,5
397,356,5
398,110,5
399,311,5
400,361,5
401,448,5
402,107,5
403,403,5
404,415,5
405,486,5
406,371,5
407,216,5
408,405,5
409,212,5
410,48,5
411,12,5
412,259,5
413,118,5
414,478,5
415,450,5
416,386,5
417,455,5
418,370,5
419,429,5
420,364,5
421,479,5
422,402,5
423,404,5
424,428,5
425,411,5
426,254,5
427,92,5
428,253,5
429,306,5
430,285,5
431,97,5
432,464,5
433,434,5
434,456,5
435,260,5
436,126,5
437,276,5
438,135,5
439,13,5
440,7,5
441,49,5
442,43,5
443,147,5
444,173,5
445,0,5
446,42,5
447,47,5
448,26,5
449,25,5
450,10,5
451,14,5
452,0,5
453,1,5
454,23,5
455,22,5
456,27,5
457,11,5
458,0,5
459,19,5
460,0,5
461,27,5
462,72,5
463,0,5
464,0,5
465,75,5
466,0,5
467,117,5
468,22,5
469,33,5
470,94,5
471,53,5
472,143,5
473,46,5
474,34,5
475,0,5
476,16,5
477,1,5
478,28,5
479,43,5
480,41,5
481,12,5
482,18,5
483,0,5
484,0,5
485,18,5
486,26,5
487,84,5
488,88,5
489,0,5
490,0,5
491,30,5
492,21,5
493,14,5
494,22,5
495,56,5
496,26,5
497,76,5
498,63,5
499,30,5
500,57,5
501,19,5
502,47,5
503,17,5
504,19,5
505,18,5
506,32,5
507,31,5
508,8,5
509,13,5
510,8,5
511,7,5
512,12,5
513,6,5
514,47,5
515,58,5
516,56,5
517,54,5
518,32,5
519,35,5
520,3,5
521,5,5
522,41,5
523,4,5
524,13,5
525,58,5
526,0,5
527,63,5
528,0,5
529,4,5
530,1,5
531,11,5
532,9,5
533,4,5
534,6,5
535,0,5
536,4,5
537,0,5
538,0,5
539,0,5
540,33,5
541,2,5
542,5,5
543,0,5
544,0,5
545,0,5
546,31,5
547,0,5
548,46,5
549,0,5
550,22,5
551,67,5
552,0,5
553,16,5
554,34,5
555,2,5
556,0,5
557,0,5
558,12,5
559,41,5
560,5,5
561,28,5
562,98,5
563,6,5
564,6,5
565,0,5
566,10,5
567,13,5
568,0,5
569,0,5
570,8,5
571,11,5
572,0,5
573,4,5
574,68,5
575,12,5
576,1,5
577,45,5
578,0,5
579,0,5
580,84,5
581,73,5
582,0,5
583,0,5
584,4,5
585,8,5
586,28,5
587,20,5
588,0,5
589,0,5
590,17,5
591,20,5
592,3,5
593,0,5
594,0,5
595,0,5
596,6,5
597,1,5
598,0,5
599,0,5
600,16,5
601,20,5
602,18,5
603,9,5
604,0,5
605,0,5
606,40,5
607,35,5
608,0,5
609,0,5
610,37,5
611,43,5
612,0,5
613,0,5
614,0,5
615,0,5
616,0,5
617,0,5
618,40,5
619,30,5
620,3,5
621,2,5
622,11,5
623,8,5
624,14,5
625,5,5
626,10,5
627,2,5
628,8,5
629,18,5
630,13,5
631,0,5
632,5,5
633,2,5
634,0,5
635,0,5
636,0,5
637,0,5
638,2,5
639,0,5
640,2,5
641,2,5
642,0,5
643,1,5
644,1,5
645,13,5
646,14,5
647,2,5
648,5,5
649,10,5
650,0,5
651,53,5
652,30,5
653,0,5
0,61,6
1,344,6
2,611,6
3,684,6
4,654,6
5,478,6
6,825,6
7,632,6
8,543,6
9,583,6
10,303,6
11,66,6
12,235,6
13,762,6
14,884,6
15,962,6
16,187,6
17,136,6
18,160,6
19,113,6
20,517,6
21,924,6
22,594,6
23,1373,6
24,523,6
25,557,6
26,499,6
27,559,6
28,406,6
29,659,6
30,524,6
31,400,6
32,414,6
33,119,6
34,382,6
35,416,6
36,403,6
37,2,6
38,34,6
39,23,6
40,370,6
41,355,6
42,359,6
43,335,6
44,432,6
45,349,6
46,266,6
47,258,6
48,323,6
49,351,6
50,315,6
51,302,6
52,315,6
53,256,6
54,39,6
55,36,6
56,28,6
57,196,6
58,166,6
59,155,6
60,313,6
61,316,6
62,324,6
63,389,6
64,330,6
65,378,6
66,389,6
67,327,6
68,356,6
69,378,6
70,455,6
71,461,6
72,14,6
73,3,6
74,12,6
75,4,6
76,121,6
77,368,6
78,403,6
79,433,6
80,0,6
81,23,6
82,25,6
83,356,6
84,360,6
85,320,6
86,323,6
87,400,6
88,339,6
89,242,6
90,287,6
91,326,6
92,343,6
93,337,6
94,222,6
95,321,6
96,273,6
97,35,6
98,31,6
99,31,6
100,215,6
101,204,6
102,138,6
103,325,6
104,310,6
105,362,6
106,392,6
107,376,6
108,345,6
109,276,6
110,404,6
111,330,6
112,358,6
113,390,6
114,386,6
115,17,6
116,6,6
117,10,6
118,0,6
119,189,6
120,385,6
121,469,6
122,317,6
123,7,6
124,34,6
125,22,6
126,480,6
127,372,6
128,340,6
129,5,6
130,9,6
131,5,6
132,220,6
133,216,6
134,355,6
135,327,6
136,371,6
137,344,6
138,352,6
139,342,6
140,31,6
141,41,6
142,28,6
143,171,6
144,211,6
145,163,6
146,5,6
147,7,6
148,5,6
149,3,6
150,5,6
151,8,6
152,316,6
153,498,6
154,326,6
155,380,6
156,453,6
157,546,6
158,16,6
159,7,6
160,9,6
161,10,6
162,75,6
163,34,6
164,8,6
165,40,6
166,59,6
167,22,6
168,5,6
169,8,6
170,441,6
171,209,6
172,392,6
173,394,6
174,440,6
175,266,6
176,0,6
177,160,6
178,182,6
179,177,6
180,188,6
181,171,6
182,353,6
183,448,6
184,82,6
185,172,6
186,399,6
187,400,6
188,247,6
189,89,6
190,43,6
191,423,6
192,27,6
193,37,6
194,290,6
195,162,6
196,366,6
197,162,6
198,9,6
199,158,6
200,177,6
201,127,6
202,286,6
203,196,6
204,432,6
205,405,6
206,228,6
207,386,6
208,559,6
209,467,6
210,151,6
211,73,6
212,26,6
213,285,6
214,21,6
215,18,6
216,304,6
217,222,6
218,230,6
219,79,6
220,225,6
221,215,6
222,187,6
223,254,6
224,173,6
225,194,6
226,169,6
227,206,6
228,199,6
229,157,6
230,208,6
231,285,6
232,240,6
233,193,6
234,216,6
235,185,6
236,188,6
237,239,6
238,221,6
239,189,6
240,143,6
241,92,6
242,51,6
243,77,6
244,85,6
245,56,6
246,100,6
247,58,6
248,16,6
249,9,6
250,52,6
251,198,6
252,197,6
253,128,6
254,112,6
255,177,6
256,158,6
257,128,6
258,117,6
259,208,6
260,179,6
261,209,6
262,208,6
263,204,6
264,239,6
265,95,6
266,95,6
267,99,6
268,130,6
269,122,6
270,86,6
271,29,6
272,17,6
273,19,6
274,9,6
275,12,6
276,10,6
277,15,6
278,5,6
279,1,6
280,330,6
281,46,6
282,192,6
283,393,6
284,358,6
285,303,6
286,445,6
287,327,6
288,351,6
289,329,6
290,321,6
291,297,6
292,405,6
293,372,6
294,303,6
295,362,6
296,275,6
297,308,6
298,261,6
299,377,6
300,355,6
301,466,6
302,419,6
303,422,6
304,340,6
305,359,6
306,415,6
307,387,6
308,404,6
309,1,6
310,0,6
311,0,6
312,406,6
313,293,6
314,257,6
315,205,6
316,347,6
317,329,6
318,334,6
319,427,6
320,363,6
321,378,6
322,355,6
323,270,6
324,294,6
325,377,6
326,393,6
327,320,6
328,354,6
329,322,6
330,344,6
331,228,6
332,325,6
333,345,6
334,403,6
335,383,6
336,406,6
337,389,6
338,364,6
339,416,6
340,393,6
341,453,6
342,0,6
343,0,6
344,0,6
345,381,6
346,278,6
347,258,6
348,158,6
349,274,6
350,281,6
351,341,6
352,314,6
353,355,6
354,314,6
355,287,6
356,284,6
357,249,6
358,120,6
359,120,6
360,131,6
361,332,6
362,297,6
363,220,6
364,118,6
365,158,6
366,138,6
367,361,6
368,377,6
369,370,6
370,238,6
371,264,6
372,288,6
373,208,6
374,374,6
375,6,6
376,6,6
377,5,6
378,121,6
379,138,6
380,112,6
381,424,6
382,469,6
383,369,6
384,164,6
385,410,6
386,373,6
387,425,6
388,383,6
389,327,6
390,415,6
391,435,6
392,417,6
393,471,6
394,455,6
395,403,6
396,468,6
397,358,6
398,122,6
399,311,6
400,370,6
401,411,6
402,134,6
403,431,6
404,394,6
405,498,6
406,375,6
407,218,6
408,376,6
409,233,6
410,37,6
411,29,6
412,293,6
413,137,6
414,461,6
415,439,6
416,402,6
417,452,6
418,430,6
419,409,6
420,351,6
421,452,6
422,395,6
423,406,6
424,446,6
425,421,6
426,265,6
427,110,6
428,241,6
429,290,6
430,268,6
431,86,6
432,463,6
433,471,6
434,495,6
435,251,6
436,130,6
437,296,6
438,143,6
439,13,6
440,4,6
441,56,6
442,44,6
443,143,6
444,171,6
445,0,6
446,46,6
447,27,6
448,27,6
449,25,6
450,9,6
451,18,6
452,0,6
453,6,6
454,25,6
455,30,6
456,29,6
457,15,6
458,0,6
459,21,6
460,0,6
461,28,6
462,74,6
463,0,6
464,0,6
465,82,6
466,0,6
467,119,6
468,35,6
469,43,6
470,95,6
471,54,6
472,136,6
473,36,6
474,47,6
475,0,6
476,18,6
477,4,6
478,32,6
479,20,6
480,35,6
481,12,6
482,16,6
483,0,6
484,0,6
485,27,6
486,28,6
487,82,6
488,99,6
489,5,6
490,4,6
491,31,6
492,32,6
493,14,6
494,9,6
495,49,6
496,28,6
497,66,6
498,59,6
499,31,6
500,61,6
501,14,6
502,34,6
503,27,6
504,13,6
505,18,6
506,31,6
507,30,6
508,8,6
509,10,6
510,11,6
511,9,6
512,8,6
513,6,6
514,47,6
515,44,6
516,56,6
517,62,6
518,38,6
519,29,6
520,0,6
521,4,6
522,26,6
523,5,6
524,6,6
525,56,6
526,0,6
527,63,6
528,0,6
529,1,6
530,1,6
531,9,6
532,11,6
533,1,6
534,3,6
535,0,6
536,2,6
537,0,6
538,0,6
539,7,6
540,14,6
541,2,6
542,11,6
543,0,6
544,0,6
545,0,6
546,57,6
547,0,6
548,33,6
549,0,6
550,40,6
551,72,6
552,0,6
553,19,6
554,35,6
555,5,6
556,0,6
557,0,6
558,9,6
559,44,6
560,16,6
561,18,6
562,98,6
563,2,6
564,1,6
565,0,6
566,13,6
567,14,6
568,0,6
569,0,6
570,3,6
571,25,6
572,0,6
573,6,6
574,63,6
575,10,6
576,8,6
577,43,6
578,0,6
579,0,6
580,77,6
581,66,6
582,0,6
583,0,6
584,10,6
585,9,6
586,23,6
587,21,6
588,0,6
589,0,6
590,18,6
591,15,6
592,2,6
593,2,6
594,0,6
595,0,6
596,18,6
597,9,6
598,0,6
599,0,6
600,25,6
601,22,6
602,8,6
603,9,6
604,0,6
605,0,6
606,29,6
607,36,6
608,0,6
609,0,6
610,51,6
611,38,6
612,0,6
613,0,6
614,0,6
615,0,6
616,0,6
617,0,6
618,41,6
619,23,6
620,3,6
621,3,6
622,11,6
623,2,6
624,11,6
625,6,6
626,10,6
627,1,6
628,2,6
629,21,6
630,12,6
631,0,6
632,6,6
633,2,6
634,0,6
635,0,6
636,0,6
637,0,6
638,3,6
639,0,6
640,0,6
641,1,6
642,0,6
643,3,6
644,2,6
645,16,6
646,11,6
647,0,6
648,6,6
649,10,6
650,0,6
651,63,6
652,25,6
653,0,6
0,60,7
1,370,7
2,541,7
3,659,7
4,686,7
5,514,7
6,834,7
7,645,7
8,516,7
9,596,7
10,321,7
11,84,7
12,238,7
13,759,7
14,920,7
15,942,7
16,158,7
17,152,7
18,157,7
19,133,7
20,458,7
21,905,7
22,569,7
23,1317,7
24,521,7
25,558,7
26,496,7
27,528,7
28,428,7
29,624,7
30,499,7
31,414,7
32,455,7
33,121,7
34,366,7
35,417,7
36,403,7
37,3,7
38,28,7
39,24,7
40,336,7
41,337,7
42,364,7
43,354,7
44,407,7
45,376,7
46,239,7
47,247,7
48,354,7
49,400,7
50,333,7
51,290,7
52,290,7
53,264,7
54,38,7
55,33,7
56,25,7
57,231,7
58,215,7
59,138,7
60,311,7
61,318,7
62,344,7
63,345,7
64,324,7
65,365,7
66,353,7
67,348,7
68,347,7
69,377,7
70,483,7
71,465,7
72,14,7
73,7,7
74,5,7
75,4,7
76,131,7
77,342,7
78,418,7
79,423,7
80,1,7
81,23,7
82,40,7
83,378,7
84,369,7
85,352,7
86,306,7
87,386,7
88,354,7
89,248,7
90,282,7
91,324,7
92,364,7
93,332,7
94,232,7
95,307,7
96,263,7
97,29,7
98,26,7
99,27,7
100,211,7
101,195,7
102,143,7
103,303,7
104,316,7
105,366,7
106,382,7
107,375,7
108,357,7
109,307,7
110,379,7
111,347,7
112,345,7
113,388,7
114,461,7
115,18,7
116,1,7
117,4,7
118,2,7
119,187,7
120,347,7
121,448,7
122,365,7
123,6,7
124,37,7
125,20,7
126,441,7
127,383,7
128,299,7
129,11,7
130,4,7
131,8,7
132,190,7
133,187,7
134,384,7
135,380,7
136,370,7
137,328,7
138,371,7
139,369,7
140,30,7
141,46,7
142,32,7
143,170,7
144,186,7
145,176,7
146,8,7
147,9,7
148,6,7
149,6,7
150,9,7
151,11,7
152,317,7
153,487,7
154,309,7
155,377,7
156,414,7
157,529,7
158,17,7
159,12,7
160,7,7
161,5,7
162,73,7
163,35,7
164,13,7
165,38,7
166,52,7
167,18,7
168,5,7
169,8,7
170,498,7
171,212,7
172,370,7
173,408,7
174,462,7
175,246,7
176,2,7
177,157,7
178,164,7
179,167,7
180,199,7
181,182,7
182,331,7
183,427,7
184,78,7
185,190,7
186,411,7
187,401,7
188,221,7
189,107,7
190,48,7
191,416,7
192,21,7
193,35,7
194,297,7
195,164,7
196,378,7
197,178,7
198,9,7
199,150,7
200,153,7
201,136,7
202,266,7
203,190,7
204,450,7
205,413,7
206,215,7
207,367,7
208,545,7
209,461,7
210,152,7
211,68,7
212,26,7
213,301,7
214,23,7
215,15,7
216,312,7
217,216,7
218,233,7
219,88,7
220,186,7
221,217,7
222,158,7
223,259,7
224,179,7
225,184,7
226,195,7
227,217,7
228,210,7
229,173,7
230,212,7
231,271,7
232,193,7
233,204,7
234,210,7
235,182,7
236,198,7
237,250,7
238,229,7
239,187,7
240,173,7
241,92,7
242,49,7
243,60,7
244,102,7
245,57,7
246,86,7
247,46,7
248,9,7
249,8,7
250,38,7
251,183,7
252,175,7
253,130,7
254,119,7
255,197,7
256,162,7
257,137,7
258,129,7
259,179,7
260,165,7
261,207,7
262,230,7
263,232,7
264,225,7
265,87,7
266,95,7
267,115,7
268,116,7
269,114,7
270,100,7
271,21,7
272,20,7
273,19,7
274,12,7
275,11,7
276,10,7
277,8,7
278,1,7
279,1,7
280,321,7
281,43,7
282,236,7
283,399,7
284,308,7
285,343,7
286,435,7
287,377,7
288,371,7
289,320,7
290,329,7
291,306,7
292,399,7
293,377,7
294,334,7
295,375,7
296,287,7
297,352,7
298,265,7
299,355,7
300,383,7
301,415,7
302,453,7
303,421,7
304,361,7
305,399,7
306,421,7
307,388,7
308,391,7
309,0,7
310,0,7
311,2,7
312,390,7
313,278,7
314,247,7
315,218,7
316,365,7
317,359,7
318,332,7
319,452,7
320,372,7
321,370,7
322,380,7
323,267,7
324,274,7
325,374,7
326,338,7
327,302,7
328,363,7
329,294,7
330,302,7
331,240,7
332,311,7
333,300,7
334,413,7
335,377,7
336,369,7
337,404,7
338,363,7
339,438,7
340,400,7
341,462,7
342,0,7
343,0,7
344,0,7
345,407,7
346,272,7
347,257,7
348,151,7
349,290,7
350,241,7
351,324,7
352,352,7
353,383,7
354,287,7
355,272,7
356,252,7
357,263,7
358,135,7
359,125,7
360,135,7
361,316,7
362,252,7
363,265,7
364,131,7
365,140,7
366,168,7
367,372,7
368,395,7
369,375,7
370,260,7
371,222,7
372,280,7
373,227,7
374,344,7
375,4,7
376,8,7
377,10,7
378,114,7
379,138,7
380,90,7
381,446,7
382,478,7
383,413,7
384,150,7
385,363,7
386,393,7
387,438,7
388,403,7
389,312,7
390,408,7
391,438,7
392,428,7
393,453,7
394,462,7
395,419,7
396,464,7
397,373,7
398,105,7
399,319,7
400,364,7
401,433,7
402,120,7
403,450,7
404,393,7
405,482,7
406,385,7
407,189,7
408,392,7
409,217,7
410,39,7
411,18,7
412,296,7
413,122,7
414,441,7
415,419,7
416,408,7
417,496,7
418,400,7
419,387,7
420,392,7
421,444,7
422,435,7
423,399,7
424,441,7
425,390,7
426,238,7
427,124,7
428,247,7
429,269,7
430,273,7
431,106,7
432,468,7
433,498,7
434,472,7
435,263,7
436,143,7
437,273,7
438,135,7
439,18,7
440,8,7
441,56,7
442,50,7
443,146,7
444,171,7
445,0,7
446,51,7
447,36,7
448,30,7
449,25,7
450,15,7
451,20,7
452,0,7
453,1,7
454,18,7
455,17,7
456,28,7
457,12,7
458,0,7
459,23,7
460,0,7
461,32,7
462,64,7
463,0,7
464,0,7
465,90,7
466,0,7
467,111,7
468,25,7
469,31,7
470,112,7
471,49,7
472,145,7
473,36,7
474,48,7
475,0,7
476,12,7
477,2,7
478,28,7
479,37,7
480,39,7
481,16,7
482,19,7
483,0,7
484,0,7
485,32,7
486,34,7
487,84,7
488,104,7
489,2,7
490,2,7
491,33,7
492,34,7
493,16,7
494,16,7
495,48,7
496,16,7
497,79,7
498,64,7
499,33,7
500,60,7
501,14,7
502,34,7
503,32,7
504,18,7
505,26,7
506,25,7
507,37,7
508,8,7
509,7,7
510,13,7
511,7,7
512,9,7
513,6,7
514,55,7
515,53,7
516,53,7
517,72,7
518,33,7
519,27,7
520,0,7
521,4,7
522,33,7
523,8,7
524,3,7
525,78,7
526,0,7
527,57,7
528,0,7
529,5,7
530,0,7
531,14,7
532,8,7
533,1,7
534,6,7
535,0,7
536,3,7
537,0,7
538,0,7
539,5,7
540,18,7
541,4,7
542,7,7
543,0,7
544,0,7
545,0,7
546,52,7
547,0,7
548,35,7
549,0,7
550,39,7
551,68,7
552,0,7
553,18,7
554,21,7
555,5,7
556,0,7
557,0,7
558,8,7
559,56,7
560,5,7
561,21,7
562,91,7
563,7,7
564,3,7
565,0,7
566,18,7
567,17,7
568,0,7
569,0,7
570,7,7
571,12,7
572,0,7
573,0,7
574,65,7
575,4,7
576,3,7
577,38,7
578,0,7
579,0,7
580,76,7
581,62,7
582,0,7
583,0,7
584,5,7
585,8,7
586,19,7
587,23,7
588,0,7
589,0,7
590,15,7
591,17,7
592,3,7
593,0,7
594,0,7
595,0,7
596,11,7
597,6,7
598,0,7
599,0,7
600,17,7
601,17,7
602,8,7
603,4,7
604,0,7
605,0,7
606,34,7
607,37,7
608,0,7
609,0,7
610,43,7
611,45,7
612,0,7
613,0,7
614,0,7
615,0,7
616,0,7
617,0,7
618,46,7
619,27,7
620,3,7
621,1,7
622,12,7
623,5,7
624,14,7
625,7,7
626,8,7
627,1,7
628,6,7
629,25,7
630,19,7
631,0,7
632,5,7
633,3,7
634,0,7
635,0,7
636,0,7
637,0,7
638,3,7
639,0,7
640,1,7
641,0,7
642,0,7
643,1,7
644,1,7
645,5,7
646,9,7
647,0,7
648,7,7
649,10,7
650,0,7
651,58,7
652,26,7
653,0,7
0,76,8
1,339,8
2,627,8
3,696,8
4,642,8
5,477,8
6,813,8
7,694,8
8,537,8
9,623,8
10,314,8
11,101,8
12,237,8
13,772,8
14,910,8
15,945,8
16,156,8
17,142,8
18,135,8
19,119,8
20,454,8
21,897,8
22,533,8
23,1491,8
24,488,8
25,539,8
26,461,8
27,521,8
28,402,8
29,674,8
30,518,8
31,379,8
32,428,8
33,154,8
34,343,8
35,459,8
36,419,8
37,3,8
38,26,8
39,34,8
40,374,8
41,399,8
42,314,8
43,400,8
44,396,8
45,345,8
46,211,8
47,228,8
48,396,8
49,381,8
50,391,8
51,352,8
52,301,8
53,325,8
54,43,8
55,32,8
56,30,8
57,197,8
58,227,8
59,145,8
60,343,8
61,357,8
62,367,8
63,348,8
64,340,8
65,375,8
66,368,8
67,344,8
68,359,8
69,380,8
70,397,8
71,377,8
72,14,8
73,5,8
74,6,8
75,3,8
76,129,8
77,337,8
78,445,8
79,391,8
80,2,8
81,33,8
82,18,8
83,318,8
84,338,8
85,381,8
86,344,8
87,355,8
88,316,8
89,279,8
90,258,8
91,379,8
92,331,8
93,324,8
94,259,8
95,311,8
96,257,8
97,21,8
98,30,8
99,24,8
100,251,8
101,216,8
102,154,8
103,306,8
104,321,8
105,364,8
106,348,8
107,360,8
108,365,8
109,342,8
110,340,8
111,350,8
112,361,8
113,397,8
114,412,8
115,17,8
116,4,8
117,6,8
118,5,8
119,164,8
120,363,8
121,404,8
122,415,8
123,8,8
124,35,8
125,35,8
126,472,8
127,385,8
128,380,8
129,11,8
130,8,8
131,9,8
132,208,8
133,203,8
134,393,8
135,372,8
136,368,8
137,325,8
138,344,8
139,314,8
140,31,8
141,46,8
142,21,8
143,191,8
144,184,8
145,133,8
146,6,8
147,7,8
148,9,8
149,10,8
150,9,8
151,5,8
152,303,8
153,441,8
154,310,8
155,367,8
156,439,8
157,529,8
158,17,8
159,5,8
160,6,8
161,5,8
162,76,8
163,48,8
164,8,8
165,32,8
166,41,8
167,18,8
168,5,8
169,2,8
170,530,8
171,188,8
172,382,8
173,395,8
174,443,8
175,287,8
176,1,8
177,153,8
178,159,8
179,164,8
180,211,8
181,169,8
182,368,8
183,411,8
184,61,8
185,165,8
186,415,8
187,379,8
188,215,8
189,90,8
190,34,8
191,389,8
192,27,8
193,29,8
194,320,8
195,168,8
196,370,8
197,189,8
198,13,8
199,155,8
200,144,8
201,136,8
202,254,8
203,219,8
204,445,8
205,445,8
206,188,8
207,366,8
208,577,8
209,481,8
210,138,8
211,74,8
212,11,8
213,331,8
214,16,8
215,16,8
216,340,8
217,202,8
218,233,8
219,85,8
220,185,8
221,190,8
222,167,8
223,200,8
224,197,8
225,183,8
226,199,8
227,223,8
228,195,8
229,220,8
230,222,8
231,293,8
232,213,8
233,186,8
234,232,8
235,157,8
236,191,8
237,233,8
238,182,8
239,200,8
240,160,8
241,66,8
242,57,8
243,74,8
244,82,8
245,55,8
246,87,8
247,40,8
248,8,8
249,5,8
250,45,8
251,217,8
252,197,8
253,113,8
254,153,8
255,164,8
256,141,8
257,102,8
258,112,8
259,165,8
260,199,8
261,218,8
262,216,8
263,183,8
264,233,8
265,100,8
266,86,8
267,115,8
268,148,8
269,128,8
270,111,8
271,35,8
272,22,8
273,23,8
274,13,8
275,13,8
276,10,8
277,7,8
278,3,8
279,0,8
280,345,8
281,32,8
282,181,8
283,357,8
284,372,8
285,362,8
286,465,8
287,378,8
288,337,8
289,376,8
290,343,8
291,315,8
292,381,8
293,371,8
294,325,8
295,386,8
296,289,8
297,315,8
298,224,8
299,404,8
300,397,8
301,445,8
302,410,8
303,400,8
304,357,8
305,372,8
306,403,8
307,422,8
308,454,8
309,1,8
310,0,8
311,0,8
312,375,8
313,269,8
314,246,8
315,218,8
316,350,8
317,348,8
318,330,8
319,379,8
320,366,8
321,376,8
322,335,8
323,304,8
324,353,8
325,401,8
326,379,8
327,320,8
328,349,8
329,324,8
330,326,8
331,237,8
332,381,8
333,352,8
334,417,8
335,343,8
336,401,8
337,400,8
338,387,8
339,405,8
340,366,8
341,444,8
342,0,8
343,2,8
344,1,8
345,356,8
346,259,8
347,248,8
348,150,8
349,293,8
350,249,8
351,307,8
352,331,8
353,348,8
354,266,8
355,283,8
356,247,8
357,274,8
358,150,8
359,129,8
360,147,8
361,348,8
362,292,8
363,246,8
364,120,8
365,132,8
366,147,8
367,380,8
368,409,8
369,361,8
370,246,8
371,215,8
372,315,8
373,216,8
374,336,8
375,9,8
376,10,8
377,5,8
378,121,8
379,143,8
380,113,8
381,422,8
382,480,8
383,358,8
384,145,8
385,410,8
386,378,8
387,418,8
388,384,8
389,366,8
390,421,8
391,442,8
392,390,8
393,406,8
394,451,8
395,403,8
396,451,8
397,366,8
398,125,8
399,290,8
400,328,8
401,373,8
402,123,8
403,449,8
404,417,8
405,502,8
406,390,8
407,201,8
408,417,8
409,181,8
410,35,8
411,17,8
412,257,8
413,138,8
414,426,8
415,482,8
416,398,8
417,445,8
418,425,8
419,396,8
420,371,8
421,404,8
422,364,8
423,445,8
424,425,8
425,436,8
426,246,8
427,116,8
428,228,8
429,328,8
430,309,8
431,128,8
432,439,8
433,423,8
434,476,8
435,250,8
436,145,8
437,250,8
438,161,8
439,16,8
440,13,8
441,37,8
442,27,8
443,135,8
444,187,8
445,0,8
446,37,8
447,45,8
448,27,8
449,33,8
450,2,8
451,17,8
452,0,8
453,2,8
454,10,8
455,17,8
456,24,8
457,18,8
458,0,8
459,21,8
460,0,8
461,35,8
462,52,8
463,0,8
464,0,8
465,91,8
466,0,8
467,118,8
468,19,8
469,54,8
470,109,8
471,54,8
472,148,8
473,38,8
474,49,8
475,0,8
476,16,8
477,4,8
478,24,8
479,27,8
480,31,8
481,14,8
482,22,8
483,0,8
484,0,8
485,32,8
486,25,8
487,81,8
488,104,8
489,3,8
490,5,8
491,35,8
492,41,8
493,20,8
494,18,8
495,37,8
496,22,8
497,68,8
498,58,8
499,18,8
500,59,8
501,18,8
502,45,8
503,19,8
504,22,8
505,10,8
506,27,8
507,30,8
508,8,8
509,8,8
510,16,8
511,15,8
512,11,8
513,12,8
514,49,8
515,37,8
516,46,8
517,41,8
518,30,8
519,28,8
520,0,8
521,1,8
522,35,8
523,5,8
524,5,8
525,56,8
526,0,8
527,66,8
528,0,8
529,4,8
530,2,8
531,37,8
532,20,8
533,3,8
534,7,8
535,0,8
536,1,8
537,0,8
538,0,8
539,3,8
540,13,8
541,5,8
542,18,8
543,0,8
544,3,8
545,0,8
546,54,8
547,2,8
548,35,8
549,0,8
550,21,8
551,66,8
552,0,8
553,14,8
554,39,8
555,10,8
556,1,8
557,0,8
558,9,8
559,72,8
560,7,8
561,39,8
562,105,8
563,2,8
564,7,8
565,0,8
566,17,8
567,22,8
568,0,8
569,0,8
570,9,8
571,18,8
572,0,8
573,1,8
574,72,8
575,14,8
576,4,8
577,38,8
578,0,8
579,0,8
580,64,8
581,70,8
582,0,8
583,0,8
584,10,8
585,3,8
586,28,8
587,28,8
588,0,8
589,0,8
590,10,8
591,15,8
592,1,8
593,0,8
594,0,8
595,0,8
596,11,8
597,9,8
598,0,8
599,0,8
600,7,8
601,10,8
602,9,8
603,15,8
604,0,8
605,0,8
606,30,8
607,36,8
608,0,8
609,0,8
610,32,8
611,37,8
612,0,8
613,0,8
614,0,8
615,0,8
616,0,8
617,0,8
618,25,8
619,29,8
620,2,8
621,3,8
622,5,8
623,5,8
624,16,8
625,9,8
626,15,8
627,0,8
628,5,8
629,20,8
630,23,8
631,0,8
632,5,8
633,4,8
634,0,8
635,0,8
636,0,8
637,0,8
638,2,8
639,0,8
640,1,8
641,1,8
642,0,8
643,0,8
644,2,8
645,14,8
646,7,8
647,0,8
648,11,8
649,15,8
650,0,8
651,30,8
652,17,8
653,0,8
0,88,9
1,339,9
2,619,9
3,667,9
4,674,9
5,485,9
6,775,9
7,694,9
8,507,9
9,576,9
10,343,9
11,96,9
12,232,9
13,745,9
14,884,9
15,927,9
16,190,9
17,163,9
18,163,9
19,126,9
20,424,9
21,903,9
22,579,9
23,1349,9
24,553,9
25,561,9
26,480,9
27,545,9
28,387,9
29,660,9
30,598,9
31,440,9
32,393,9
33,158,9
34,366,9
35,467,9
36,403,9
37,0,9
38,35,9
39,28,9
40,321,9
41,346,9
42,378,9
43,347,9
44,358,9
45,348,9
46,260,9
47,278,9
48,361,9
49,317,9
50,360,9
51,280,9
52,324,9
53,249,9
54,33,9
55,42,9
56,22,9
57,225,9
58,196,9
59,119,9
60,328,9
61,314,9
62,380,9
63,418,9
64,410,9
65,358,9
66,341,9
67,355,9
68,349,9
69,351,9
70,443,9
71,441,9
72,16,9
73,1,9
74,6,9
75,4,9
76,128,9
77,367,9
78,404,9
79,385,9
80,0,9
81,20,9
82,41,9
83,360,9
84,334,9
85,357,9
86,349,9
87,379,9
88,333,9
89,260,9
90,276,9
91,347,9
92,326,9
93,303,9
94,241,9
95,304,9
96,248,9
97,28,9
98,31,9
99,26,9
100,206,9
101,185,9
102,126,9
103,356,9
104,282,9
105,360,9
106,377,9
107,367,9
108,342,9
109,349,9
110,357,9
111,338,9
112,415,9
113,424,9
114,341,9
115,13,9
116,3,9
117,11,9
118,1,9
119,185,9
120,390,9
121,440,9
122,410,9
123,8,9
124,33,9
125,19,9
126,432,9
127,351,9
128,366,9
129,6,9
130,17,9
131,8,9
132,176,9
133,215,9
134,343,9
135,368,9
136,378,9
137,349,9
138,355,9
139,349,9
140,55,9
141,37,9
142,29,9
143,176,9
144,221,9
145,179,9
146,5,9
147,1,9
148,8,9
149,5,9
150,7,9
151,3,9
152,274,9
153,457,9
154,355,9
155,417,9
156,439,9
157,493,9
158,14,9
159,4,9
160,4,9
161,7,9
162,63,9
163,42,9
164,11,9
165,40,9
166,30,9
167,12,9
168,3,9
169,5,9
170,450,9
171,189,9
172,391,9
173,408,9
174,430,9
175,243,9
176,1,9
177,140,9
178,206,9
179,156,9
180,224,9
181,192,9
182,440,9
183,382,9
184,77,9
185,189,9
186,451,9
187,371,9
188,208,9
189,103,9
190,36,9
191,389,9
192,34,9
193,25,9
194,310,9
195,154,9
196,367,9
197,218,9
198,7,9
199,147,9
200,169,9
201,148,9
202,262,9
203,207,9
204,418,9
205,402,9
206,183,9
207,362,9
208,542,9
209,485,9
210,124,9
211,87,9
212,11,9
213,298,9
214,24,9
215,12,9
216,314,9
217,228,9
218,234,9
219,92,9
220,207,9
221,179,9
222,148,9
223,235,9
224,240,9
225,203,9
226,203,9
227,203,9
228,228,9
229,196,9
230,224,9
231,309,9
232,201,9
233,189,9
234,238,9
235,162,9
236,229,9
237,239,9
238,218,9
239,205,9
240,139,9
241,84,9
242,49,9
243,72,9
244,95,9
245,44,9
246,111,9
247,43,9
248,13,9
249,6,9
250,53,9
251,213,9
252,179,9
253,120,9
254,127,9
255,153,9
256,153,9
257,128,9
258,125,9
259,187,9
260,170,9
261,196,9
262,192,9
263,201,9
264,229,9
265,84,9
266,87,9
267,108,9
268,131,9
269,127,9
270,94,9
271,34,9
272,21,9
273,27,9
274,11,9
275,11,9
276,10,9
277,7,9
278,0,9
279,1,9
280,341,9
281,39,9
282,198,9
283,352,9
284,351,9
285,345,9
286,498,9
287,425,9
288,340,9
289,398,9
290,302,9
291,350,9
292,457,9
293,386,9
294,350,9
295,367,9
296,307,9
297,316,9
298,254,9
299,349,9
300,367,9
301,423,9
302,370,9
303,412,9
304,414,9
305,373,9
306,407,9
307,324,9
308,421,9
309,2,9
310,0,9
311,0,9
312,330,9
313,295,9
314,259,9
315,218,9
316,328,9
317,332,9
318,307,9
319,436,9
320,387,9
321,349,9
322,348,9
323,318,9
324,319,9
325,407,9
326,357,9
327,320,9
328,383,9
329,300,9
330,314,9
331,273,9
332,349,9
333,330,9
334,360,9
335,388,9
336,422,9
337,346,9
338,331,9
339,415,9
340,315,9
341,373,9
342,0,9
343,0,9
344,1,9
345,348,9
346,254,9
347,249,9
348,136,9
349,312,9
350,300,9
351,292,9
352,373,9
353,308,9
354,307,9
355,305,9
356,246,9
357,295,9
358,128,9
359,134,9
360,123,9
361,342,9
362,255,9
363,248,9
364,148,9
365,182,9
366,149,9
367,396,9
368,419,9
369,420,9
370,222,9
371,264,9
372,343,9
373,228,9
374,370,9
375,13,9
376,4,9
377,4,9
378,125,9
379,148,9
380,100,9
381,439,9
382,448,9
383,347,9
384,124,9
385,468,9
386,397,9
387,440,9
388,396,9
389,393,9
390,415,9
391,416,9
392,391,9
393,483,9
394,413,9
395,446,9
396,474,9
397,366,9
398,105,9
399,306,9
400,406,9
401,404,9
402,103,9
403,470,9
404,437,9
405,474,9
406,377,9
407,206,9
408,373,9
409,222,9
410,28,9
411,14,9
412,280,9
413,117,9
414,466,9
415,424,9
416,419,9
417,428,9
418,432,9
419,440,9
420,376,9
421,449,9
422,395,9
423,379,9
424,371,9
425,394,9
426,279,9
427,119,9
428,216,9
429,252,9
430,271,9
431,82,9
432,440,9
433,456,9
434,417,9
435,302,9
436,140,9
437,308,9
438,152,9
439,14,9
440,8,9
441,41,9
442,39,9
443,154,9
444,168,9
445,0,9
446,40,9
447,46,9
448,32,9
449,19,9
450,11,9
451,16,9
452,0,9
453,1,9
454,16,9
455,17,9
456,22,9
457,4,9
458,0,9
459,15,9
460,0,9
461,23,9
462,71,9
463,0,9
464,0,9
465,83,9
466,0,9
467,102,9
468,26,9
469,46,9
470,116,9
471,39,9
472,132,9
473,37,9
474,37,9
475,0,9
476,9,9
477,5,9
478,30,9
479,29,9
480,31,9
481,15,9
482,15,9
483,0,9
484,0,9
485,31,9
486,38,9
487,91,9
488,86,9
489,0,9
490,3,9
491,26,9
492,22,9
493,10,9
494,12,9
495,41,9
496,25,9
497,63,9
498,57,9
499,21,9
500,79,9
501,22,9
502,39,9
503,15,9
504,12,9
505,22,9
506,44,9
507,40,9
508,8,9
509,4,9
510,22,9
511,13,9
512,5,9
513,14,9
514,61,9
515,56,9
516,47,9
517,41,9
518,34,9
519,22,9
520,0,9
521,4,9
522,41,9
523,8,9
524,5,9
525,61,9
526,0,9
527,62,9
528,0,9
529,2,9
530,1,9
531,28,9
532,10,9
533,2,9
534,6,9
535,0,9
536,3,9
537,0,9
538,0,9
539,7,9
540,16,9
541,6,9
542,6,9
543,0,9
544,1,9
545,0,9
546,35,9
547,0,9
548,36,9
549,0,9
550,31,9
551,63,9
552,0,9
553,13,9
554,35,9
555,4,9
556,1,9
557,0,9
558,11,9
559,48,9
560,4,9
561,31,9
562,102,9
563,5,9
564,1,9
565,2,9
566,24,9
567,13,9
568,0,9
569,0,9
570,8,9
571,7,9
572,0,9
573,3,9
574,75,9
575,9,9
576,6,9
577,50,9
578,0,9
579,0,9
580,65,9
581,72,9
582,0,9
583,0,9
584,6,9
585,8,9
586,17,9
587,14,9
588,0,9
589,0,9
590,8,9
591,11,9
592,0,9
593,3,9
594,0,9
595,0,9
596,7,9
597,14,9
598,0,9
599,0,9
600,15,9
601,6,9
602,9,9
603,7,9
604,0,9
605,0,9
606,32,9
607,36,9
608,0,9
609,0,9
610,41,9
611,43,9
612,0,9
613,0,9
614,0,9
615,0,9
616,0,9
617,0,9
618,36,9
619,27,9
620,5,9
621,4,9
622,9,9
623,6,9
624,21,9
625,8,9
626,13,9
627,2,9
628,11,9
629,23,9
630,24,9
631,0,9
632,0,9
633,2,9
634,0,9
635,0,9
636,0,9
637,0,9
638,2,9
639,0,9
640,2,9
641,1,9
642,0,9
643,0,9
644,2,9
645,9,9
646,12,9
647,0,9
648,14,9
649,6,9
650,0,9
651,17,9
652,60,9
653,0,9
0,63,10
1,315,10
2,607,10
3,730,10
4,654,10
5,463,10
6,825,10
7,683,10
8,535,10
9,652,10
10,348,10
11,90,10
12,245,10
13,736,10
14,900,10
15,923,10
16,165,10
17,134,10
18,150,10
19,127,10
20,437,10
21,896,10
22,563,10
23,1425,10
24,492,10
25,557,10
26,458,10
27,549,10
28,398,10
29,686,10
30,563,10
31,446,10
32,444,10
33,152,10
34,369,10
35,436,10
36,394,10
37,2,10
38,26,10
39,32,10
40,363,10
41,398,10
42,321,10
43,383,10
44,410,10
45,310,10
46,259,10
47,256,10
48,378,10
49,385,10
50,336,10
51,289,10
52,274,10
53,278,10
54,32,10
55,37,10
56,23,10
57,215,10
58,213,10
59,131,10
60,282,10
61,346,10
62,344,10
63,288,10
64,364,10
65,366,10
66,373,10
67,397,10
68,358,10
69,379,10
70,430,10
71,390,10
72,11,10
73,10,10
74,4,10
75,4,10
76,139,10
77,321,10
78,420,10
79,421,10
80,1,10
81,26,10
82,26,10
83,346,10
84,339,10
85,404,10
86,335,10
87,375,10
88,344,10
89,277,10
90,233,10
91,392,10
92,374,10
93,329,10
94,267,10
95,309,10
96,277,10
97,24,10
98,30,10
99,19,10
100,225,10
101,219,10
102,113,10
103,351,10
104,297,10
105,344,10
106,362,10
107,390,10
108,405,10
109,351,10
110,356,10
111,310,10
112,386,10
113,388,10
114,383,10
115,18,10
116,2,10
117,9,10
118,3,10
119,198,10
120,332,10
121,397,10
122,406,10
123,8,10
124,31,10
125,19,10
126,441,10
127,352,10
128,383,10
129,6,10
130,10,10
131,5,10
132,207,10
133,183,10
134,407,10
135,374,10
136,395,10
137,336,10
138,355,10
139,311,10
140,36,10
141,39,10
142,27,10
143,188,10
144,223,10
145,155,10
146,1,10
147,4,10
148,6,10
149,7,10
150,6,10
151,4,10
152,295,10
153,435,10
154,325,10
155,355,10
156,417,10
157,510,10
158,18,10
159,5,10
160,8,10
161,3,10
162,70,10
163,53,10
164,5,10
165,39,10
166,37,10
167,18,10
168,11,10
169,5,10
170,480,10
171,180,10
172,424,10
173,374,10
174,452,10
175,243,10
176,2,10
177,146,10
178,182,10
179,178,10
180,200,10
181,173,10
182,398,10
183,365,10
184,77,10
185,194,10
186,404,10
187,372,10
188,203,10
189,96,10
190,29,10
191,397,10
192,30,10
193,29,10
194,296,10
195,157,10
196,377,10
197,168,10
198,8,10
199,144,10
200,153,10
201,148,10
202,268,10
203,211,10
204,438,10
205,458,10
206,171,10
207,360,10
208,561,10
209,488,10
210,145,10
211,79,10
212,14,10
213,321,10
214,16,10
215,15,10
216,367,10
217,194,10
218,226,10
219,86,10
220,188,10
221,201,10
222,153,10
223,208,10
224,210,10
225,179,10
226,191,10
227,200,10
228,191,10
229,200,10
230,232,10
231,257,10
232,217,10
233,201,10
234,236,10
235,167,10
236,213,10
237,241,10
238,200,10
239,176,10
240,146,10
241,90,10
242,44,10
243,72,10
244,107,10
245,48,10
246,83,10
247,59,10
248,13,10
249,6,10
250,46,10
251,234,10
252,240,10
253,143,10
254,139,10
255,127,10
256,142,10
257,114,10
258,110,10
259,177,10
260,193,10
261,212,10
262,235,10
263,189,10
264,254,10
265,95,10
266,93,10
267,123,10
268,143,10
269,112,10
270,111,10
271,35,10
272,19,10
273,29,10
274,11,10
275,7,10
276,8,10
277,6,10
278,1,10
279,0,10
280,344,10
281,31,10
282,211,10
283,360,10
284,370,10
285,364,10
286,428,10
287,379,10
288,346,10
289,355,10
290,323,10
291,349,10
292,323,10
293,353,10
294,303,10
295,377,10
296,260,10
297,313,10
298,270,10
299,409,10
300,356,10
301,428,10
302,406,10
303,411,10
304,407,10
305,325,10
306,405,10
307,423,10
308,433,10
309,0,10
310,1,10
311,0,10
312,395,10
313,254,10
314,259,10
315,198,10
316,341,10
317,349,10
318,341,10
319,439,10
320,362,10
321,357,10
322,325,10
323,331,10
324,315,10
325,396,10
326,412,10
327,297,10
328,344,10
329,298,10
330,324,10
331,234,10
332,361,10
333,391,10
334,401,10
335,350,10
336,369,10
337,394,10
338,315,10
339,409,10
340,359,10
341,419,10
342,1,10
343,1,10
344,1,10
345,327,10
346,254,10
347,246,10
348,133,10
349,325,10
350,276,10
351,318,10
352,343,10
353,339,10
354,291,10
355,335,10
356,284,10
357,295,10
358,151,10
359,125,10
360,111,10
361,345,10
362,306,10
363,250,10
364,133,10
365,148,10
366,122,10
367,392,10
368,404,10
369,439,10
370,239,10
371,224,10
372,324,10
373,237,10
374,353,10
375,7,10
376,7,10
377,7,10
378,120,10
379,136,10
380,112,10
381,416,10
382,436,10
383,370,10
384,172,10
385,436,10
386,388,10
387,416,10
388,411,10
389,367,10
390,415,10
391,425,10
392,407,10
393,436,10
394,442,10
395,406,10
396,465,10
397,366,10
398,133,10
399,302,10
400,311,10
401,368,10
402,100,10
403,479,10
404,420,10
405,533,10
406,387,10
407,182,10
408,369,10
409,191,10
410,35,10
411,18,10
412,247,10
413,131,10
414,500,10
415,482,10
416,377,10
417,443,10
418,396,10
419,390,10
420,365,10
421,388,10
422,360,10
423,463,10
424,449,10
425,455,10
426,270,10
427,125,10
428,277,10
429,271,10
430,308,10
431,80,10
432,411,10
433,424,10
434,468,10
435,295,10
436,122,10
437,272,10
438,142,10
439,11,10
440,9,10
441,44,10
442,33,10
443,142,10
444,171,10
445,0,10
446,35,10
447,52,10
448,20,10
449,30,10
450,11,10
451,10,10
452,0,10
453,1,10
454,26,10
455,18,10
456,21,10
457,15,10
458,0,10
459,16,10
460,0,10
461,38,10
462,64,10
463,0,10
464,0,10
465,81,10
466,0,10
467,112,10
468,24,10
469,52,10
470,113,10
471,60,10
472,128,10
473,34,10
474,39,10
475,0,10
476,13,10
477,1,10
478,33,10
479,46,10
480,35,10
481,12,10
482,9,10
483,0,10
484,0,10
485,37,10
486,23,10
487,80,10
488,101,10
489,4,10
490,4,10
491,33,10
492,38,10
493,15,10
494,19,10
495,43,10
496,21,10
497,76,10
498,54,10
499,30,10
500,55,10
501,23,10
502,44,10
503,29,10
504,24,10
505,19,10
506,32,10
507,35,10
508,8,10
509,9,10
510,11,10
511,8,10
512,11,10
513,8,10
514,62,10
515,43,10
516,66,10
517,36,10
518,40,10
519,40,10
520,0,10
521,3,10
522,35,10
523,5,10
524,9,10
525,68,10
526,0,10
527,55,10
528,0,10
529,3,10
530,1,10
531,15,10
532,14,10
533,2,10
534,7,10
535,0,10
536,1,10
537,0,10
538,0,10
539,2,10
540,14,10
541,6,10
542,10,10
543,0,10
544,1,10
545,0,10
546,36,10
547,0,10
548,32,10
549,0,10
550,41,10
551,59,10
552,0,10
553,12,10
554,42,10
555,6,10
556,5,10
557,0,10
558,8,10
559,74,10
560,4,10
561,18,10
562,109,10
563,8,10
564,2,10
565,0,10
566,33,10
567,15,10
568,0,10
569,0,10
570,8,10
571,10,10
572,0,10
573,1,10
574,72,10
575,13,10
576,6,10
577,26,10
578,0,10
579,0,10
580,67,10
581,77,10
582,0,10
583,0,10
584,4,10
585,0,10
586,24,10
587,23,10
588,0,10
589,0,10
590,13,10
591,16,10
592,2,10
593,2,10
594,0,10
595,0,10
596,7,10
597,12,10
598,0,10
599,0,10
600,5,10
601,14,10
602,8,10
603,9,10
604,0,10
605,0,10
606,24,10
607,39,10
608,0,10
609,0,10
610,31,10
611,40,10
612,0,10
613,0,10
614,0,10
615,0,10
616,0,10
617,0,10
618,28,10
619,28,10
620,4,10
621,2,10
622,10,10
623,4,10
624,8,10
625,9,10
626,13,10
627,1,10
628,9,10
629,19,10
630,26,10
631,0,10
632,5,10
633,2,10
634,0,10
635,0,10
636,0,10
637,0,10
638,2,10
639,0,10
640,1,10
641,0,10
642,0,10
643,2,10
644,1,10
645,19,10
646,6,10
647,0,10
648,10,10
649,17,10
650,0,10
651,43,10
652,25,10
653,0,10
